Link,ASIN,Item name,UPC_A,EAN_A,Sales rank,UPC_E
http://www.amazon.com/dp/B00IIWB6R8, ?B00IIWB6R8, " D&A GRIP WhiteChrome Used by the Pros  Instrument Wall Hanger wTPE Polymer molding over steel protects ANY finish For necks up to 2 18"" Best of Class by RKS",  ?891565002161,  ?0891565002161, 14657, SW?891565002161
http://www.amazon.com/dp/B009G8NM6G, ?B009G8NM6G, " D&A GRIP black  Used by the Pros  Instrument Wall Hanger with TPE Polymer molding over steel protects ANY finish For necks up to 2 18"" Best of Class by RKS",  ?891565002048,  ?0891565002048, 55921, SW?891565002048
http://www.amazon.com/dp/B07JMFP24L, ?B07JMFP24L,  MusicNomad MN231 Premium Truss Rod Wrench  14 for Taylor Guitars Plus Magnetized Screwdriver,  ?857047002791,  ?0857047002791, 5900, SW?857047002791
http://www.amazon.com/dp/B06VX1DL9N, ?B06VX1DL9N,  Music Nomad MN227 The Octopus 8 n 1 Tech Tool,  ?857047002630,  ?0857047002630, 5645, SW?857047002630
http://www.amazon.com/dp/B083YQWZ9C, ?B083YQWZ9C,  Meinl Stick & Brush Drumsticks Standard Long 7A  American Hickory with Acorn Shape Wood Tip  MADE IN GERMANY SB121,  ?842960143102,  ?0842960143102, 9999999, SW?842960143102
http://www.amazon.com/dp/B083YSBCNM, ?B083YSBCNM,  Meinl Stick & Brush Drumstick Grabber for Convenient Placement on Your Kit  Holds up to Two Pairs  Angle Adjustable Attaches to Any Cymbal Stand or Tubular Hardware SB504,  ?842960142730,  ?0842960142730, 9999999, SW?842960142730
http://www.amazon.com/dp/B083YQZ4KP, ?B083YQZ4KP,  Meinl Stick & Brush Rebound MultiRod Bamboo Dowels with Foam Core and Adjustable Rings  Creates a Focused Attack SB209,  ?842960142594,  ?0842960142594, 143943, SW?842960142594
http://www.amazon.com/dp/B083YZL4Q8, ?B083YZL4Q8,  Meinl Stick & Brush Rebound MultiRod Birch Dowels with Foam Core and Adjustable Rings  Creates a Focused Attack SB208,  ?842960142587,  ?0842960142587, 161634, SW?842960142587
----------, ----------, You need approval to list in this brand., ----------, ----------, ----------, SW?841300100492
http://www.amazon.com/dp/B07X3Y6PWX, ?B07X3Y6PWX,  Eventide 205050 Centimeter 21 Millimeter Center Positive AngRCA Red,  ?840694001583,  ?0840694001583, 283668, SW?840694001583
http://www.amazon.com/dp/B0002D05PK, ?B0002D05PK,  Auralex Acoustics Tubetak Pro  Studio Foam Liquid Adhesive 1 Tube TTPRO,  ?818105003631,  ?0818105003631, 14067, SW?818105003631
http://www.amazon.com/dp/B01LTC1PIS, ?B01LTC1PIS,  BOSS 3foot 1m Instrument Cable AngleAngle  jack BIC3AA,  ?761294217061,  ?0761294217061, 63489, SW?761294217061
http://www.amazon.com/dp/B0002F51DE, ?B0002F51DE,  Vic Firth World Classic  Alex Acua Conquistador Clear Timbale,  ?750795000814,  ?0750795000814, 34743, SW?750795000814
----------, ----------, No condition drop-down menu! (Maybe not allowed?), ----------, ----------, ----------, SW?742366011510
----------, ----------, No condition drop-down menu! (Maybe not allowed?), ----------, ----------, ----------, SW?737681420017
http://www.amazon.com/dp/B0002KZHCE, ?B0002KZHCE,  Fender Champ 110 Vibro Champ Xd Super Champ Xd GDec 30 Fronan 25R Cover,  ?717669448950,  ?0717669448950, 11772, SW?717669448950
http://www.amazon.com/dp/B001L8NI22, ?B001L8NI22,  Fender Modern Backplate Stratocaster  Tortoise Shell,  ?717669290603,  ?0717669290603, 15092, SW?717669290603
http://www.amazon.com/dp/B0002E2XOK, ?B0002E2XOK,  Fender 351 Premium Celluloid Guitar Picks 12 Pack Abalone Heavy,  ?717669134334,  ?0717669134334, 682, SW?717669134334
http://www.amazon.com/dp/B00TZLOIE4, ?B00TZLOIE4,  Dunlop DBMMS45125 Marcus Miller Super Bright Bass Strings Medium 5String 045125 5 StringsSet,  ?710137086043,  ?0710137086043, 6569, SW?710137086043
http://www.amazon.com/dp/B00TZLOYFC, ?B00TZLOYFC,  Dunlop DBMMS45105 Marcus Miller Super Bright Bass Strings Medium 045105 4 StringsSet,  ?710137086012,  ?0710137086012, 24106, SW?710137086012
